{"total_offers": 541768026.25, "awarded": 37458896.31, "pct_over_awarded": 6.91, "chart_suppliers": {"labels": ["GONZALO ARISTIZABAL", "BENEDETTI SAIC", "PROSEIND SA", "DURADOR ARGENTINA S.A.", "CLAUDIA ALICIA PANAROTTI", "INVE S.R.L.", "MABEL ELENA BERTOLAMI", "JSR SOLUCIONES INTEGRALES SRL", "PENINSULAR SUDAMERICANA SAS", "NOGASEG SRL"], "values": [91187398.0, 65172285.0, 56619737.440000005, 46839927.0, 39925760.0, 39900000.0, 35224200.0, 33841580.0, 26290500.0, 24746074.810000002]}, "chart_positions": {"labels": ["1", "2", "3", "4", "5", "6", "7", "8", "9", "10", "11"], "values": [47, 46, 45, 40, 34, 27, 20, 12, 7, 2, 1]}}